date,temp_max_c,temp_min_c,precip_mm,wind_max_kmh,city,timezone
2026-09-03,18.7,11.2,0.3,29.1,Calgary,America/Edmonton
2026-09-04,15.5,7.8,0.1,15.5,Calgary,America/Edmonton
2026-09-05,10.1,8.1,0.7,17.3,Calgary,America/Edmonton
2026-09-06,14.8,9.0,0.0,10.5,Calgary,America/Edmonton
2026-09-07,13.9,11.7,0.3,22.0,Calgary,America/Edmonton
2026-09-08,20.9,8.5,0.0,13.8,Calgary,America/Edmonton
2026-09-09,24.1,10.4,0.0,23.7,Calgary,America/Edmonton
2026-09-10,16.8,6.9,6.1,21.5,Calgary,America/Edmonton
2026-09-11,12.5,5.3,0.0,18.9,Calgary,America/Edmonton
2026-09-12,11.0,5.4,0.0,7.1,Calgary,America/Edmonton
2026-09-13,13.9,2.1,2.0,25.2,Calgary,America/Edmonton
2026-09-14,13.9,6.1,1.5,28.8,Calgary,America/Edmonton
2026-09-15,9.5,6.0,6.0,10.0,Calgary,America/Edmonton
2026-09-16,19.1,3.5,0.0,14.8,Calgary,America/Edmonton
2026-09-17,22.7,5.1,0.0,15.4,Calgary,America/Edmonton
2026-09-18,22.3,4.6,0.0,14.0,Calgary,America/Edmonton
2026-09-19,22.9,5.0,0.0,24.5,Calgary,America/Edmonton
2026-09-20,25.6,6.3,0.0,12.3,Calgary,America/Edmonton
2026-09-21,28.1,7.7,0.0,11.8,Calgary,America/Edmonton
2026-09-22,19.8,9.1,0.0,20.1,Calgary,America/Edmonton
2026-09-23,20.7,5.2,0.0,17.5,Calgary,America/Edmonton
2026-09-24,18.0,5.9,0.0,14.5,Calgary,America/Edmonton
2026-09-25,23.1,7.0,0.0,32.3,Calgary,America/Edmonton
2026-09-26,9.9,1.7,0.3,19.9,Calgary,America/Edmonton
2026-09-27,14.8,-2.0,0.0,10.4,Calgary,America/Edmonton
2026-09-28,19.8,0.5,0.0,16.6,Calgary,America/Edmonton
2026-09-29,17.8,9.7,0.0,26.1,Calgary,America/Edmonton
2026-09-30,13.9,4.1,0.3,18.9,Calgary,America/Edmonton
2026-10-01,14.5,-0.1,0.0,10.4,Calgary,America/Edmonton
2026-10-02,18.6,5.3,0.0,16.3,Calgary,America/Edmonton
2026-10-03,17.2,1.9,0.0,14.6,Calgary,America/Edmonton
2026-10-04,20.1,5.1,0.0,13.9,Calgary,America/Edmonton
2026-10-05,22.3,9.4,0.0,22.7,Calgary,America/Edmonton
2026-10-06,18.5,7.2,0.0,20.8,Calgary,America/Edmonton
2026-10-07,15.9,5.8,0.0,13.8,Calgary,America/Edmonton
2026-10-08,15.4,6.4,0.0,10.0,Calgary,America/Edmonton
2026-10-09,12.7,6.0,0.0,13.7,Calgary,America/Edmonton
2026-09-03,18.9,14.2,23.7,16.3,Edmonton,America/Edmonton
2026-09-04,19.4,11.5,9.0,14.8,Edmonton,America/Edmonton
2026-09-05,13.9,10.4,2.4,11.9,Edmonton,America/Edmonton
2026-09-06,16.4,10.7,0.3,12.2,Edmonton,America/Edmonton
2026-09-07,17.5,12.1,0.4,14.4,Edmonton,America/Edmonton
2026-09-08,20.4,10.7,0.7,11.9,Edmonton,America/Edmonton
2026-09-09,23.0,11.1,0.5,18.0,Edmonton,America/Edmonton
2026-09-10,16.7,10.7,1.7,27.0,Edmonton,America/Edmonton
2026-09-11,12.6,7.4,0.8,20.6,Edmonton,America/Edmonton
2026-09-12,11.2,4.7,0.0,11.1,Edmonton,America/Edmonton
2026-09-13,17.3,4.4,0.0,15.2,Edmonton,America/Edmonton
2026-09-14,13.9,8.2,0.0,21.9,Edmonton,America/Edmonton
2026-09-15,14.1,3.0,0.0,9.2,Edmonton,America/Edmonton
2026-09-16,18.2,4.5,0.0,12.0,Edmonton,America/Edmonton
2026-09-17,21.7,6.9,0.0,11.5,Edmonton,America/Edmonton
2026-09-18,20.5,7.2,0.0,10.5,Edmonton,America/Edmonton
2026-09-19,23.6,9.5,0.0,18.1,Edmonton,America/Edmonton
2026-09-20,22.5,9.6,0.0,13.9,Edmonton,America/Edmonton
2026-09-21,25.5,10.4,0.0,10.3,Edmonton,America/Edmonton
2026-09-22,18.8,10.4,0.0,16.2,Edmonton,America/Edmonton
2026-09-23,17.2,6.8,0.0,9.1,Edmonton,America/Edmonton
2026-09-24,16.2,6.2,0.3,14.9,Edmonton,America/Edmonton
2026-09-25,17.9,10.6,0.9,16.9,Edmonton,America/Edmonton
2026-09-26,10.2,5.5,0.9,26.1,Edmonton,America/Edmonton
2026-09-27,14.2,2.9,0.0,13.5,Edmonton,America/Edmonton
2026-09-28,16.9,2.6,0.0,10.2,Edmonton,America/Edmonton
2026-09-29,12.8,6.8,2.3,24.3,Edmonton,America/Edmonton
2026-09-30,12.4,5.2,0.0,21.4,Edmonton,America/Edmonton
2026-10-01,13.1,1.7,0.0,10.9,Edmonton,America/Edmonton
2026-10-02,12.3,2.6,0.0,11.9,Edmonton,America/Edmonton
2026-10-03,13.5,2.7,0.0,10.1,Edmonton,America/Edmonton
2026-10-04,16.8,4.1,0.0,14.8,Edmonton,America/Edmonton
2026-10-05,17.7,7.0,0.1,20.5,Edmonton,America/Edmonton
2026-10-06,15.4,6.2,0.0,14.1,Edmonton,America/Edmonton
2026-10-07,15.5,7.5,0.6,14.0,Edmonton,America/Edmonton
2026-10-08,12.2,6.8,2.6,12.3,Edmonton,America/Edmonton
2026-10-09,7.8,0.9,18.9,31.4,Edmonton,America/Edmonton
2026-09-03,25.3,17.7,1.1,20.8,Montreal,America/Toronto
2026-09-04,22.3,17.6,0.1,10.0,Montreal,America/Toronto
2026-09-05,20.2,14.3,0.2,14.5,Montreal,America/Toronto
2026-09-06,21.5,12.2,0.0,13.7,Montreal,America/Toronto
2026-09-07,26.0,14.2,0.0,14.3,Montreal,America/Toronto
2026-09-08,22.3,15.3,1.9,16.2,Montreal,America/Toronto
2026-09-09,20.2,14.1,7.5,19.3,Montreal,America/Toronto
2026-09-10,21.6,12.6,6.2,23.4,Montreal,America/Toronto
2026-09-11,17.9,9.4,0.0,15.4,Montreal,America/Toronto
2026-09-12,23.0,10.3,0.0,16.6,Montreal,America/Toronto
2026-09-13,24.0,18.1,11.5,14.7,Montreal,America/Toronto
2026-09-14,18.8,9.9,0.0,19.6,Montreal,America/Toronto
2026-09-15,17.3,6.2,0.2,12.6,Montreal,America/Toronto
2026-09-16,23.2,15.7,0.0,10.5,Montreal,America/Toronto
2026-09-17,19.9,13.4,0.0,10.1,Montreal,America/Toronto
2026-09-18,18.4,9.0,0.0,15.6,Montreal,America/Toronto
2026-09-19,16.0,5.0,0.0,10.6,Montreal,America/Toronto
2026-09-20,16.0,8.7,0.0,7.5,Montreal,America/Toronto
2026-09-21,15.0,8.5,0.0,15.5,Montreal,America/Toronto
2026-09-22,17.0,6.0,0.0,12.2,Montreal,America/Toronto
2026-09-23,19.4,6.7,0.0,12.0,Montreal,America/Toronto
2026-09-24,21.4,6.4,0.0,10.5,Montreal,America/Toronto
2026-09-25,23.4,8.8,0.0,12.9,Montreal,America/Toronto
2026-09-26,22.8,11.5,0.0,19.5,Montreal,America/Toronto
2026-09-27,19.7,12.6,0.0,21.4,Montreal,America/Toronto
2026-09-28,15.7,11.6,0.3,19.1,Montreal,America/Toronto
2026-09-29,15.8,11.1,0.0,12.0,Montreal,America/Toronto
2026-09-30,17.6,9.6,0.0,9.7,Montreal,America/Toronto
2026-10-01,21.5,14.0,0.0,13.9,Montreal,America/Toronto
2026-10-02,18.2,11.9,10.4,10.2,Montreal,America/Toronto
2026-10-03,14.6,5.2,0.0,12.3,Montreal,America/Toronto
2026-10-04,14.3,3.5,0.0,23.7,Montreal,America/Toronto
2026-10-05,12.1,6.6,0.4,27.0,Montreal,America/Toronto
2026-10-06,11.8,3.4,0.0,21.7,Montreal,America/Toronto
2026-10-07,14.7,6.4,1.0,15.6,Montreal,America/Toronto
2026-10-08,17.4,9.1,0.8,18.2,Montreal,America/Toronto
2026-10-09,10.5,7.2,0.0,18.6,Montreal,America/Toronto
2026-09-03,25.5,17.8,0.0,13.8,Ottawa,America/Toronto
2026-09-04,22.5,15.6,0.0,13.7,Ottawa,America/Toronto
2026-09-05,21.8,14.4,1.0,13.0,Ottawa,America/Toronto
2026-09-06,23.4,13.4,0.0,12.8,Ottawa,America/Toronto
2026-09-07,25.6,13.1,0.0,12.7,Ottawa,America/Toronto
2026-09-08,22.7,15.5,3.2,7.2,Ottawa,America/Toronto
2026-09-09,21.7,15.1,9.5,14.7,Ottawa,America/Toronto
2026-09-10,22.1,13.5,0.0,23.4,Ottawa,America/Toronto
2026-09-11,20.5,7.8,0.0,15.1,Ottawa,America/Toronto
2026-09-12,25.4,8.7,0.0,13.1,Ottawa,America/Toronto
2026-09-13,26.0,17.8,0.0,21.6,Ottawa,America/Toronto
2026-09-14,18.4,8.1,0.0,18.7,Ottawa,America/Toronto
2026-09-15,17.9,5.4,0.2,13.0,Ottawa,America/Toronto
2026-09-16,24.2,13.7,0.0,14.1,Ottawa,America/Toronto
2026-09-17,22.7,10.9,0.0,6.3,Ottawa,America/Toronto
2026-09-18,20.0,10.0,0.0,18.2,Ottawa,America/Toronto
2026-09-19,17.1,4.3,0.0,8.7,Ottawa,America/Toronto
2026-09-20,20.8,6.5,0.0,11.7,Ottawa,America/Toronto
2026-09-21,15.6,8.0,0.0,16.6,Ottawa,America/Toronto
2026-09-22,17.6,6.1,0.0,12.2,Ottawa,America/Toronto
2026-09-23,20.3,4.2,0.0,12.2,Ottawa,America/Toronto
2026-09-24,21.2,3.0,0.0,8.7,Ottawa,America/Toronto
2026-09-25,24.4,4.3,0.0,10.1,Ottawa,America/Toronto
2026-09-26,24.5,9.3,0.0,14.6,Ottawa,America/Toronto
2026-09-27,22.2,11.7,0.3,22.0,Ottawa,America/Toronto
2026-09-28,18.4,13.4,0.0,16.8,Ottawa,America/Toronto
2026-09-29,16.4,9.7,0.0,7.1,Ottawa,America/Toronto
2026-09-30,18.9,8.4,0.0,8.6,Ottawa,America/Toronto
2026-10-01,18.6,14.0,3.7,12.6,Ottawa,America/Toronto
2026-10-02,18.8,11.2,7.8,12.1,Ottawa,America/Toronto
2026-10-03,16.1,3.7,0.0,9.7,Ottawa,America/Toronto
2026-10-04,16.1,3.3,1.1,20.5,Ottawa,America/Toronto
2026-10-05,11.7,5.1,0.0,25.7,Ottawa,America/Toronto
2026-10-06,11.0,1.3,0.0,18.2,Ottawa,America/Toronto
2026-10-07,20.3,6.4,0.1,17.6,Ottawa,America/Toronto
2026-10-08,18.3,8.2,1.5,19.8,Ottawa,America/Toronto
2026-10-09,10.8,5.3,0.0,20.7,Ottawa,America/Toronto
2026-09-03,18.8,14.8,18.2,10.7,Quebec City,America/Toronto
2026-09-04,18.6,15.0,0.1,18.4,Quebec City,America/Toronto
2026-09-05,17.8,12.2,0.5,24.0,Quebec City,America/Toronto
2026-09-06,21.3,9.2,0.0,10.2,Quebec City,America/Toronto
2026-09-07,24.9,8.6,0.0,17.4,Quebec City,America/Toronto
2026-09-08,19.6,9.9,0.0,14.3,Quebec City,America/Toronto
2026-09-09,18.3,7.9,7.1,15.3,Quebec City,America/Toronto
2026-09-10,20.2,11.1,6.6,26.9,Quebec City,America/Toronto
2026-09-11,17.6,8.6,0.0,17.7,Quebec City,America/Toronto
2026-09-12,21.8,5.3,0.0,12.0,Quebec City,America/Toronto
2026-09-13,20.6,11.8,18.3,8.4,Quebec City,America/Toronto
2026-09-14,17.5,8.4,0.0,23.4,Quebec City,America/Toronto
2026-09-15,16.1,5.3,0.0,6.2,Quebec City,America/Toronto
2026-09-16,21.5,12.2,0.2,11.5,Quebec City,America/Toronto
2026-09-17,17.7,9.7,0.0,16.6,Quebec City,America/Toronto
2026-09-18,17.1,6.9,0.0,17.7,Quebec City,America/Toronto
2026-09-19,15.7,2.7,0.0,15.2,Quebec City,America/Toronto
2026-09-20,14.4,6.6,0.0,8.9,Quebec City,America/Toronto
2026-09-21,16.5,7.4,0.0,12.0,Quebec City,America/Toronto
2026-09-22,15.7,3.5,0.0,12.1,Quebec City,America/Toronto
2026-09-23,18.3,5.5,0.0,9.4,Quebec City,America/Toronto
2026-09-24,21.5,4.5,0.0,6.4,Quebec City,America/Toronto
2026-09-25,22.2,8.3,0.0,13.2,Quebec City,America/Toronto
2026-09-26,21.1,9.1,0.0,19.5,Quebec City,America/Toronto
2026-09-27,17.6,12.4,0.0,27.0,Quebec City,America/Toronto
2026-09-28,13.0,10.1,1.7,25.5,Quebec City,America/Toronto
2026-09-29,13.9,10.5,0.0,19.4,Quebec City,America/Toronto
2026-09-30,14.1,8.8,0.0,12.1,Quebec City,America/Toronto
2026-10-01,21.8,9.9,0.7,9.9,Quebec City,America/Toronto
2026-10-02,17.9,11.2,4.5,12.7,Quebec City,America/Toronto
2026-10-03,14.2,4.4,0.0,13.0,Quebec City,America/Toronto
2026-10-04,16.3,2.9,0.0,11.8,Quebec City,America/Toronto
2026-10-05,11.9,6.1,0.8,27.7,Quebec City,America/Toronto
2026-10-06,10.4,4.5,0.0,27.8,Quebec City,America/Toronto
2026-10-07,8.8,3.6,2.0,10.3,Quebec City,America/Toronto
2026-10-08,13.9,6.5,5.6,20.3,Quebec City,America/Toronto
2026-10-09,8.7,4.0,0.0,16.9,Quebec City,America/Toronto
2026-09-03,27.0,18.5,0.0,17.8,Toronto,America/Toronto
2026-09-04,24.2,15.5,0.0,14.4,Toronto,America/Toronto
2026-09-05,24.1,15.5,0.0,14.0,Toronto,America/Toronto
2026-09-06,21.6,15.3,0.0,15.0,Toronto,America/Toronto
2026-09-07,24.1,13.8,0.0,13.0,Toronto,America/Toronto
2026-09-08,25.1,13.8,0.0,11.3,Toronto,America/Toronto
2026-09-09,22.9,19.2,3.4,19.8,Toronto,America/Toronto
2026-09-10,27.1,15.9,0.0,23.6,Toronto,America/Toronto
2026-09-11,21.9,11.3,0.0,12.5,Toronto,America/Toronto
2026-09-12,25.1,12.9,0.0,14.9,Toronto,America/Toronto
2026-09-13,28.5,16.6,0.0,22.9,Toronto,America/Toronto
2026-09-14,20.5,11.3,0.0,11.5,Toronto,America/Toronto
2026-09-15,22.8,12.3,0.1,18.7,Toronto,America/Toronto
2026-09-16,24.5,16.4,0.0,12.8,Toronto,America/Toronto
2026-09-17,23.9,14.9,0.0,10.8,Toronto,America/Toronto
2026-09-18,22.5,13.3,0.0,19.7,Toronto,America/Toronto
2026-09-19,17.6,10.9,0.0,18.7,Toronto,America/Toronto
2026-09-20,22.2,11.7,0.0,20.2,Toronto,America/Toronto
2026-09-21,15.2,9.7,0.0,16.9,Toronto,America/Toronto
2026-09-22,17.1,7.2,0.0,23.8,Toronto,America/Toronto
2026-09-23,18.6,10.2,0.0,23.8,Toronto,America/Toronto
2026-09-24,18.7,10.0,0.0,17.7,Toronto,America/Toronto
2026-09-25,22.2,7.8,0.0,15.5,Toronto,America/Toronto
2026-09-26,23.1,10.3,0.0,17.4,Toronto,America/Toronto
2026-09-27,25.0,11.3,0.0,19.1,Toronto,America/Toronto
2026-09-28,20.5,14.9,0.0,9.7,Toronto,America/Toronto
2026-09-29,21.4,14.5,0.0,9.9,Toronto,America/Toronto
2026-09-30,21.4,14.5,0.0,15.2,Toronto,America/Toronto
2026-10-01,21.4,17.2,0.5,16.9,Toronto,America/Toronto
2026-10-02,19.3,10.2,12.7,18.3,Toronto,America/Toronto
2026-10-03,16.7,7.2,0.0,12.6,Toronto,America/Toronto
2026-10-04,20.1,10.8,0.1,20.1,Toronto,America/Toronto
2026-10-05,14.1,6.9,0.0,26.7,Toronto,America/Toronto
2026-10-06,15.6,8.2,0.0,19.2,Toronto,America/Toronto
2026-10-07,23.1,13.9,0.0,24.7,Toronto,America/Toronto
2026-10-08,20.0,13.3,0.0,22.0,Toronto,America/Toronto
2026-10-09,16.2,9.6,0.0,17.7,Toronto,America/Toronto
2026-09-03,19.3,13.0,0.0,14.1,Vancouver,America/Vancouver
2026-09-04,17.7,10.4,0.0,10.7,Vancouver,America/Vancouver
2026-09-05,20.0,12.7,0.0,13.2,Vancouver,America/Vancouver
2026-09-06,20.6,10.5,0.0,12.4,Vancouver,America/Vancouver
2026-09-07,17.6,11.9,0.0,12.2,Vancouver,America/Vancouver
2026-09-08,20.6,12.8,0.0,12.7,Vancouver,America/Vancouver
2026-09-09,19.5,12.4,0.0,9.4,Vancouver,America/Vancouver
2026-09-10,20.2,13.8,0.0,22.1,Vancouver,America/Vancouver
2026-09-11,18.8,10.3,0.0,10.9,Vancouver,America/Vancouver
2026-09-12,19.8,10.1,0.0,12.4,Vancouver,America/Vancouver
2026-09-13,19.8,12.2,0.0,12.4,Vancouver,America/Vancouver
2026-09-14,18.4,13.0,0.0,11.1,Vancouver,America/Vancouver
2026-09-15,19.5,12.9,0.0,13.5,Vancouver,America/Vancouver
2026-09-16,21.2,11.7,0.0,14.4,Vancouver,America/Vancouver
2026-09-17,20.7,11.9,0.0,10.7,Vancouver,America/Vancouver
2026-09-18,20.2,10.1,0.0,10.9,Vancouver,America/Vancouver
2026-09-19,18.5,10.9,0.0,9.7,Vancouver,America/Vancouver
2026-09-20,19.1,10.2,0.0,12.0,Vancouver,America/Vancouver
2026-09-21,18.8,10.6,0.0,10.9,Vancouver,America/Vancouver
2026-09-22,21.1,11.4,0.0,9.0,Vancouver,America/Vancouver
2026-09-23,18.3,10.8,1.6,11.8,Vancouver,America/Vancouver
2026-09-24,15.4,8.3,10.3,11.7,Vancouver,America/Vancouver
2026-09-25,13.0,10.6,11.4,27.1,Vancouver,America/Vancouver
2026-09-26,15.2,9.0,0.0,13.5,Vancouver,America/Vancouver
2026-09-27,15.2,7.7,0.0,12.0,Vancouver,America/Vancouver
2026-09-28,14.6,7.8,8.1,15.5,Vancouver,America/Vancouver
2026-09-29,14.8,9.7,22.4,17.2,Vancouver,America/Vancouver
2026-09-30,14.5,8.1,0.0,8.7,Vancouver,America/Vancouver
2026-10-01,15.8,10.0,0.4,8.1,Vancouver,America/Vancouver
2026-10-02,17.4,11.9,0.0,10.2,Vancouver,America/Vancouver
2026-10-03,17.4,12.2,0.0,10.2,Vancouver,America/Vancouver
2026-10-04,19.1,11.5,0.0,7.0,Vancouver,America/Vancouver
2026-10-05,17.9,10.8,0.0,8.2,Vancouver,America/Vancouver
2026-10-06,15.9,11.9,0.0,10.1,Vancouver,America/Vancouver
2026-10-07,17.1,11.8,0.0,9.4,Vancouver,America/Vancouver
2026-10-08,17.6,12.7,0.0,8.6,Vancouver,America/Vancouver
2026-10-09,14.3,12.4,6.0,18.9,Vancouver,America/Vancouver
2026-09-03,23.8,14.9,3.9,14.3,Winnipeg,America/Winnipeg
2026-09-04,25.9,13.8,0.0,7.9,Winnipeg,America/Winnipeg
2026-09-05,27.9,15.3,0.5,16.1,Winnipeg,America/Winnipeg
2026-09-06,28.2,16.4,17.5,18.9,Winnipeg,America/Winnipeg
2026-09-07,22.3,17.8,4.9,16.7,Winnipeg,America/Winnipeg
2026-09-08,22.9,15.8,0.0,28.1,Winnipeg,America/Winnipeg
2026-09-09,21.9,14.2,1.1,22.0,Winnipeg,America/Winnipeg
2026-09-10,29.0,10.5,0.0,23.8,Winnipeg,America/Winnipeg
2026-09-11,22.2,14.1,0.0,16.0,Winnipeg,America/Winnipeg
2026-09-12,14.2,9.3,0.0,22.5,Winnipeg,America/Winnipeg
2026-09-13,18.0,5.5,0.0,13.6,Winnipeg,America/Winnipeg
2026-09-14,16.4,6.7,15.9,30.3,Winnipeg,America/Winnipeg
2026-09-15,16.5,7.2,0.0,27.6,Winnipeg,America/Winnipeg
2026-09-16,15.6,3.4,2.5,9.5,Winnipeg,America/Winnipeg
2026-09-17,17.7,6.8,0.0,10.8,Winnipeg,America/Winnipeg
2026-09-18,18.7,7.3,0.8,13.2,Winnipeg,America/Winnipeg
2026-09-19,21.0,11.8,0.0,18.5,Winnipeg,America/Winnipeg
2026-09-20,15.3,5.3,0.0,11.3,Winnipeg,America/Winnipeg
2026-09-21,20.2,7.2,0.0,11.8,Winnipeg,America/Winnipeg
2026-09-22,19.6,6.3,0.0,22.3,Winnipeg,America/Winnipeg
2026-09-23,18.8,9.9,0.3,24.2,Winnipeg,America/Winnipeg
2026-09-24,18.0,14.0,2.2,13.7,Winnipeg,America/Winnipeg
2026-09-25,18.3,14.5,0.0,14.4,Winnipeg,America/Winnipeg
2026-09-26,17.4,15.9,8.8,19.7,Winnipeg,America/Winnipeg
2026-09-27,19.6,9.5,0.0,15.1,Winnipeg,America/Winnipeg
2026-09-28,15.8,6.5,0.6,14.1,Winnipeg,America/Winnipeg
2026-09-29,22.4,14.5,0.3,14.3,Winnipeg,America/Winnipeg
2026-09-30,16.7,10.2,0.0,11.8,Winnipeg,America/Winnipeg
2026-10-01,13.0,5.7,0.0,23.4,Winnipeg,America/Winnipeg
2026-10-02,18.5,2.6,0.0,11.6,Winnipeg,America/Winnipeg
2026-10-03,17.2,9.7,0.6,23.4,Winnipeg,America/Winnipeg
2026-10-04,17.0,4.8,0.0,21.5,Winnipeg,America/Winnipeg
2026-10-05,18.1,4.0,0.0,24.5,Winnipeg,America/Winnipeg
2026-10-06,20.3,12.1,0.0,24.0,Winnipeg,America/Winnipeg
2026-10-07,17.3,11.8,0.0,23.4,Winnipeg,America/Winnipeg
2026-10-08,14.2,8.6,0.0,16.4,Winnipeg,America/Winnipeg
2026-10-09,14.3,9.9,0.0,16.8,Winnipeg,America/Winnipeg
